{
    "mapDetails":[
        {
                "id":1,
                "time":["06:35" , "12:00" , "18:00"],
                "waterLevel":[1.31234334,3.12344 , 2.424312],
                "markPostion":[51.505, -0.09]
        },
        {
                "id":2,
                "time":["04:35" , "10:00" , "15:00"],
                "waterLevel":[3.31234334,2.12344 , 4.424312],
                "markPostion":[45.505, -0.09]
        }
    ]


    
}