{
    "mapDetails":[
        {
                "id":1,
                "time":["06:35" , "12:00" , "18:00"],
                "waterLevel":[0.6999999881,1.399999976, 1.600000024],
                "markPostion":[25.0405407,121.4285583]
        },
        {
                "id":2,
                "time":["04:35" , "10:00" , "15:00"],
                "waterLevel":[1.299999952,1.480000019, 2.069999933],
                "markPostion":[25.03418922, 121.4506683]
        }
    ]


    
}